name,rarity,description
Abito da Pirata,"Armatura ( in pelle ), non comune","Iconico di quasi tutti i pirati d'oltremare, questo abito li distingue dalla maggior parte degli altri marittimi. Sebbene occasionalmente possa includere cappotti spessi e persino parti in pelle solida per armature, è destinato principalmente alla navigazione generale e all'occultamento di oggetti. L'estetica visiva e le condizioni dell'abbigliamento possono anche dirti molto sull'individuo che lo indossa. Grazie alla sua struttura suddivisa che consente la libertà di movimento e il design aerodinamico generale, mentre indossi questa armatura hai un bonus di +2 alla tua CA."
Amuleto del Controllo della Melma,"Oggetto meraviglioso, molto raro (richiede sintonia)","Mentre sei in sintonia con l'amuleto, gli melme ordinarie sono indifferenti nei tuoi confronti e non ti attaccano a meno che tu non li minacci o li ferisca."
Amuleto del Controllo della Licantropia,Oggetto meraviglioso Raro,"Questo Amuleto permette all'individuo che lo indossa di essere cosciente e consapevole quando si trasforma in un licantropo, e capace dunque di controllare come preferisce la sua licantropia."
Anello Adamantino,"Anello, molto raro (richiede sintonia)","Questo anello è stato impregnato dell'essenza stessa di Adamantio. Mentre lo indossi, ogni colpo critico contro di te diventa un colpo normale e guadagni un bonus di +1 alla CA e ai tiri salvezza."
Anello abbandonato dei Nove Inferni,"Anello, artefatto (richiede la sintonizzazione da parte di un Contatto con un diavolo)","L'Anello Abbandonato è un semplice anello di pietra, con incisioni appena percettibili, che rappresentano i cerchi dei Nove Inferni. Nessuno conosce la vera origine dell'anello, ed è fatto di un materiale zoico sconosciuto."
Anello del Campione,"Anello, molto raro (richiede sintonia)","Un anello d'argento, con il simbolo di una corona e un testo inciso sopra. Il testo è in Infernale e recita come segue."
Anello del Sangue Arcano,"Anello, molto raro (richiede la sintonizzazione da parte di uno stregone o di un bardo)","Questa fascia di ferro grigio scuro ha due gemme incastonate sui lati opposti, un granato e uno zaffiro. Puoi usare un'azione per concentrarti sulla gemma di granato. Subisci un danno necrotico pari al tuo livello per riguadagnare gli slot di incantesimi spesi che hanno un livello combinato pari o inferiore alla metà del tuo livello (arrotondato per eccesso), e nessuno degli slot può essere di 6° livello o superiore. Questo danno non può essere ridotto o evitato in alcun modo. Puoi anche usare un'azione per concentrarti sulla gemma zaffiro. Questo ha l'effetto opposto, permettendoti invece di spendere slot per incantesimi per recuperare punti ferita. L'anello può essere utilizzato per riguadagnare gli slot incantesimo spesi una sola volta, dopodiché l'anello riacquisterà l'uso di questo effetto all'alba."
Anello del Serpente d'Oro Bramoso,"Anello, non comune (richiede sintonia)","“ Un anello d'oro raffigurante un serpente che potrebbe essere stato, ma non è mai stato, un drago. Se le catene sono motivo di malcontento, forse è il momento di un po' di buona vecchia avidità. ”"
Anello del Serpente d'argento Bramoso,"Anello, molto raro (richiede sintonia)","“ Un anello d'argento raffigurante un serpente che avrebbe potuto essere, ma non è mai stato, un drago. Se le catene sono motivo di malcontento, forse è il momento di un po' di avidità vecchio stile. ”"
Anello del Potere Benedetto,"Anello, Leggendario (richiede sintonia)","Un anello d'oro liscio con inciso il nome del suo creatore, l'Arcimago ""Noruas"", in elegante calligrafia."
Anello del Controllo della Forma Vampiresca,"Oggetto Meraviglioso, Molto Raro (anello)",Questo anello permette ad un giocatore che ha subito la maledizione vampiresca di mantenere il controllo quando si trasforma in una progenie vampirica o un vampiro.
Anello dell'Abaco della Conservazione,"Anello, leggendario (richiede la sintonizzazione da parte di un incantatore, un monaco o un mistico)","Questo anello incantato è un attrezzo, uno strumento della matematica. Uno studente di un college di maghi progettò l'anello per aiutarlo a tenere traccia dei numeri, ma in seguito lo incantò per contenere la sua energia magica. Puoi usare un'azione per immagazzinare uno slot per incantesimi o un numero qualsiasi di punti psi o punti ki nell'anello. Lo slot o i punti psi vengono poi assorbiti in esso come livelli di incantesimo, punti psi o punti ki rispettivamente. L'anello può contenere un massimo di 7 livelli di incantesimi, punti psi o punti ki e puoi usarli per lanciare i tuoi incantesimi e per attivare le tue abilità psioniche o i tuoi punti ki."
Anello dell'Apprendista della Distanza,"Anello, comune","Un semplice anello d'argento inciso con motivi vorticosi utilizzato dagli incantatori di livello apprendista. Se indossato, l'anello raddoppia il raggio d'azione dei tuoi incantesimi offensivi a distanza."
Anello dell'Apprendista dell'Esplosione,"Anello, non comune","Un semplice anello d'argento inciso con motivi a raffica indossato dagli incantatori di livello apprendista. Quando viene indossato, fa sì che qualsiasi incantesimo offensivo a distanza che lanci esploda in una raffica di 1,5 metri al contatto con una superficie o un bersaglio."
Anello dell'Arsenale,"Anello, molto raro (richiede sintonia)","Un anello che contiene un'armeria al suo interno, permettendo a chi lo possiede di essere pronto per qualsiasi situazione."
Anello della Bellezza,"Anello, leggendario (richiede sintonia)","Mentre il portatore di questo anello indossa l'anello, si trasformerà in un essere molto bello. Mentre indossi l'anello, il tuo punteggio di Carisma aumenta di 3, fino a un massimo di 22. Puoi anche tentare di ipnotizzare una creatura che puoi vedere come azione. Il bersaglio deve effettuare un tiro salvezza di DC 8 + il tuo bonus di competenza + il tuo modificatore di Carisma o essere stordito fino all'inizio del tuo turno. Questo effetto può essere utilizzato una volta sola, e l'anello ne riacquista l'uso all'alba."
Anello Rotto della Bilancia,"Anello, molto raro (richiede sintonia)","Questo anello nero scuro rimarrà sempre in qualche modo sul dito di chi lo indossa, ma una volta rimosso, si romperà a metà. Mentre lo indossi, otterrai un bonus di +1 alla CA e, all'inizio di ogni tuo turno, guadagnerai o perderai 1d4 punti ferita, finché i tuoi punti ferita attuali non saranno pari alla metà dei tuoi punti ferita massimi. Non guadagnerai punti ferita quando sarai a 0 punti ferita. Questo anello può essere sintonizzato solo una volta ogni 24 ore."
Anello di Fuoco,"Anello, molto raro (richiede sintonia)","Mentre indossi questo anello, hai l'immunità ai danni da fuoco e puoi usare la tua azione per lanciare il bruciatore di Aganazzar (versione di 5° livello, DC 17)."
Anello di Salomone,"Anello, artefatto (richiede la sintonizzazione da parte di una creatura di allineamento neutrale o malvagio)","Questo anello è una singola banda di nero puro. Ha iscrizioni in una lingua straniera. Una prova di Intelligenza (Investigazione) di CD 22 rivela che le parole significano ""I deboli sono nati per essere schiavizzati, i potenti sono nati per schiavizzare"". Quando è sintonizzato con questo anello, l'anello non si stacca dal dito di chi lo indossa senza il suo permesso."
Aoratotitas,L'elmo di Ade,Questo elmo fu rubato dal re elfico molti millenni fa quando visitò l'Ade. Gli elfi per aver vinto questo premio si sono guadagnati una vita assurdamente lunga e la morte stessa sembra non afferrarli mai completamente. Questo elmo è indossato solo dal re elfico e Ade farà di tutto per riaverlo.
Arco lungo dei Signori degli Elfi dei Boschi,"Arma (Arco lungo), artefatto (Richiede la sintonizzazione da parte di un elfo dei boschi)",Un arco lungo decorato dai primi grandi uomini e donne della razza degli Elfi dei Boschi.
Arma da Lancio Ritornante,"Oggetto Meraviglioso (qualsiasi arma con la proprietà di lancio), Non Comune","Quest'arma +1 quando viene lanciata contro un nemico, un oggetto, ecc... ritorna nelle mani di chi l'ha lanciata"
Armatura della Driade,"Armatura (leggera, media o pesante), rara (richiede sintonia)","Questa armatura sfrutta il potere della foresta. Un'armatura di piastre di legno fatte con gli alberi più pregiati ricopre tutto il tuo corpo mentre indossi questa armatura. Il peso dell'armatura dipende dalla taglia dell'utilizzatore. Quando indossi questa armatura, la tua CA è aumentata di 2. Mentre indossi questa armatura, hai un vantaggio nei tiri salvezza contro la caduta a terra. Per le creature minuscole, questa armatura pesa 1/4. Per le creature piccole e medie, il peso di questa armatura è normale. Per le creature grandi, quest'armatura pesa 4 volte tanto."
Arco della Radiosità,"Arma (arco lungo), non comune",Questo arco lungo sfrutta il potere del sole.
Arco della Tempesta,"Arma (arco lungo), non comune",Questo arco lungo sfrutta il potere di una tempesta.
Artigli dell'Umber Hulk,"Oggetto meraviglioso, raro (richiede sintonia)","Questi pesanti guanti di ferro marrone sono forgiati a forma di artigli di Umber Hulk d'ambra, e si adattano alle mani e agli avambracci di chi li indossa fino al gomito. Mentre indossando entrambi gli artigli, ottieni una velocità di scavo di 7,5 metri e puoi scavare un tunnel attraverso la roccia solida alla velocità di 0,3 metri per round. Puoi usare un artiglio come arma da mischia mentre lo indossi. Hai padronanza con esso e infligge 1d8 danni da taglio (il tuo modificatore di Forza si applica all'attacco e ai tiri per i danni, come di consueto)."
Artefatti KH,I possessori di Keyblade possono infondere i loro keyblade con manufatti rari noti come Keyblade. La forma dei loro Keyblade cambia a seconda del portachiavi allegato e ottengono determinati poteri. Per attaccare un portachiavi a un Keyblade è necessario eseguire un rituale di un'ora che fonde il portachiavi nel portachiavi. Ogni Keyblade può avere solo 1 Portachiavi attaccato alla volta. Il tentativo di allegare un secondo portachiavi costringerà il primo portachiavi a uscire.,Il Keyblade attaccato infligge un ulteriore dado di danni contundenti.
Artigli di Ade,"Arma (Artigli), artefatto (Richiede sintonia)","Una volta usato con il suo nome dal dio greco Ade, questi artigli non servono solo per evocare le anime in battaglia. Si dice che questi artigli strappino le anime di tutte le creature. Entrambi gli artigli sono collegati ad un guanto che si attacca magicamente alle mani e alle braccia. Sono l'equivalente di una spada corta +2"
Bacchetta Temporale,"Bacchetta, leggendaria (maggiore) (richiede sintonia)","Questa bacchetta ha un orologio funzionante innestato al centro del fusto. Quando viene impugnata, fa sì che chi la impugna sembri spostarsi e luccicare come se fosse presente e non presente. Questa bacchetta ha 18 cariche e recupera 1d8 + 3 cariche al giorno all'alba. Mentre sei in sintonia con la bacchetta e la brandisci, spendi delle cariche per causare uno o più dei seguenti effetti:"
Bacchetta dei Doppi Incantesimi,"Bacchetta, Leggendaria (richiede la sintonizzazione da parte dell'incantatore)","Queste due bacchette di ebano possono essere brandite due volte. Possono essere usate come fuoco arcano. Quando l'incantatore lancia un incantesimo e usa queste bacchette come fuoco arcano, è in grado di usare la sua azione bonus per copiare gli effetti dell'incantesimo lanciato."
Bastone di Ade,"Bastone, leggendario (richiede sintonia)","Questo bastone ha cinque cariche. Per consumare una carica, l'utilizzatore effettua un tiro di attacco con il proprio bonus da incantatore, infliggendo 3d8 danni da fuoco a un bersaglio entro 18 metri. Se il bastone colpisce un bersaglio in grado di infliggere pazzia, il bersaglio deve superare un tiro salvezza di Saggezza basato sulla CD dei tiri salvezza dell'incantatore o diventerà Pazzo, ottenendo un effetto dalla tabella della Follia a breve termine. Il bersaglio può ripetere questo tiro salvezza alla fine di ogni suo turno, terminando l'effetto con un successo. Quando si consuma l'ultima carica del bastone, il suo utilizzatore deve effettuare lo stesso tiro salvezza."
Bracciale della Dominazione dei Mostri,"Anello, leggendario (richiede sintonizzazione (per 2d12 ore tira 1d20 Tiro salvezza di Saggezza ogni due ore per prevenire la pazzia dopo aver resistito con successo al tempo in cui sarai sintonizzato))","Il bracciale del dominio mostruoso è un anello di bronzo opaco che viene indossato sulla testa con una strana gemma rotonda a forma di occhio di tarrasque sul lato che si affaccia sul davanti, nient'altro appare fuori dall'ordinario a parte il fatto che l'occhio si guarda intorno e sbatte le palpebre, ma chi è in sintonia con il potere psionico può sentire un'energia opprimente irradiarsi dall'occhio. In presenza di una mostruosità, il cerchietto guarderà verso la mostruosità e tu sentirai un'attrazione verso di essa impedendoti di essere sorpreso dalle mostruosità e quando affronti una mostruosità non intelligente di un livello superiore a qualsiasi livello inferiore al tuo puoi usare la singola carica nel cerchietto per iniziare una prova di Intimidazione contro il tiro salvezza di Saggezza della mostruosità per dominare la sua mente e gli istinti. In caso di successo, la mostruosità si rannicchierà davanti a te e si sottometterà alla tua volontà costringendola a diventare il tuo famiglio, ma non potrai recuperare la carica finché non rilascerai o scaccerai la mostruosità che è attualmente legata al bracciale."
Boomering,"Anello, molto raro","Se lanci un'arma con la proprietà ""lanciato"" mentre indossi questo anello, lasciando il braccio teso l'arma tornerà nella tua mano dopo."
Borsa dei Trucchi Varianti,"Oggetto meraviglioso, non comune","Questa normale borsa sembra vuota. Tuttavia, allungare la mano all'interno del sacchetto rivela la presenza di un piccolo oggetto croccante. Il sacchetto pesa 0,5/1 kg. Puoi usare un'azione per estrarre l'oggetto croccante dal sacchetto e lanciarlo fino a 6 metri. Quando l'oggetto atterra, si trasforma in una creatura che determini tirando un d8 e consultando la tabella che corrisponde al colore del sacchetto. La creatura svanisce all'alba successiva o quando è ridotta a 0 punti ferita. La creatura è amichevole con te e i tuoi compagni e agisce al tuo turno. Puoi usare un'Azione Bonus per comandare come la creatura si muove e quale azione compie nel suo prossimo turno, o per darle ordini generali, come attaccare i tuoi nemici. In assenza di tali ordini, la creatura agisce in modo appropriato alla sua Natura. Una volta che tre Oggetti Croccanti sono stati estratti dalla borsa, la borsa non può essere usata di nuovo fino all'alba successiva."
Cintura dei Fulmini di Zeus,"Oggetto meraviglioso, non comune (richiede sintonizzazione)","Una robusta cintura marrone rame foderata di monete con incisi nuvole temporalesche e fulmini stilizzati. La cintura crea e contiene fino a 6 dardi magici a forma di saetta. Un colpo con uno di questi dardi magici infligge 1d10 danni extra da fulmine. Dopo un colpo riuscito, il dardo scompare."
Copy Cat,"Oggetto meraviglioso, leggendario (richiede sintonizzazione)","Questo articolo sembra una statuetta di gatto decorata. Come azione, puoi posizionare la statuina nello spazio vuoto entro 1,5 metri da te, il che fa sì che la statuina si trasformi in un gatto che ti è amico. Il gatto è identico a un gatto normale, fatta eccezione per le seguenti caratteristiche:"
Cuffia di Rovi,"Oggetto meraviglioso, non comune","Questa cuffia verde a forma d'orecchio afferra e si avvolge magicamente attorno al tuo orecchio mentre lo indossi. Puoi usare un'azione per pronunciare la parola di comando del bracciale e gettarlo a terra in un punto che puoi vedere entro 30 piedi da te. Il bracciale poi si frantuma, distruggendolo, e cresce immediatamente in una massa di viti e spine contorte in una delle seguenti forme a tua scelta:"
Diario Scarabocchiato,"Wondrous Item (Spell Book), artifact (richiede la sintonizzazione da parte di una creatura con almeno uno slot incantesimi di 1° livello)","Questo tomo sembra essere un diario rituale e senza senso contenente solo folli vaneggiamenti e inquietanti scarabocchi di orrori da incubo. Non si sa chi sia l'autore di questo diario, ma si sa che era un incantatore incredibilmente potente, anche se pazzo."
Diplomazia,"Oggetto Meraviglioso, Non Comune","Come attacco di tocco, Diplomazia infligge 3d6 danni da fulmine e, se il bersaglio fallisce un tiro salvezza di Costituzione, rimane stordito per un round. Tuttavia, il guanto ha anche una bassa probabilità di fallimento catastrofico ad ogni utilizzo."
Doritisgis,Il Kanabo della Terra Madre Gaia,"Questa grande mazza fu trovata dallo shogunato sulla loro isola 10.000 anni prima. Nessuno sa come è stata fatta, ma la sua forma cambia in base alla cultura della civiltà che la impugna. Una cosa è certa, Gaia ha benedetto l'arma per formare la terra ad ogni colpo."
Egida,"Armatura (Scudo), artefatto (Un dono di Atena che solo il ricevente poteva usare).","L'Egida, come affermato nell'Iliade, è portata da Atena e Zeus, ma la sua natura è incerta. È stata interpretata come una pelle di animale o uno scudo, a volte con la testa di una Gorgone. Potrebbe esserci una connessione con una divinità chiamata Aex o Aix, una figlia di Helios e una nutrice di Zeus o in alternativa un'amante di Zeus (Hyginus, Astronomica 2. 13). L'egida di Atena è menzionata in diversi punti dell'Iliade. ""Essa produceva un suono come quello di una miriade di draghi ruggenti (Iliade, 4.17) ed era portata da Atena in battaglia ... e in mezzo a loro andava Atena dagli occhi luminosi, tenendo la preziosa egida che non ha età ed è immortale: cento nappe d'oro puro pendono da essa, intrecciate strettamente, e ciascuna del valore di cento buoi. ""Virgilio immagina i Ciclopi nella fucina di Efesto, i quali ""bruniscono l'egida che Atena indossa nei suoi stati d'animo di collera - una cosa spaventosa con una superficie d'oro come una pelle squamosa di serpente, e i serpenti collegati e la stessa Gorgone sul petto della dea - una testa mozzata che rotea gli occhi"", fornita di fiocchi d'oro e recante il Gorgoneion (la testa di Medusa) nel capo centrale. Alcuni pittori di vasi attici hanno mantenuto una tradizione arcaica secondo la quale le nappe erano state originariamente serpenti nelle loro rappresentazioni dell'egida. Quando le divinità dell'Olimpo superarono le divinità più antiche della Grecia e lei nacque da Metis (dentro Zeus che aveva inghiottito la dea) e ""rinacque"" attraverso la testa di Zeus completamente vestita, Atena indossava già le sue vesti tipiche. Quando l'Olimpo scuote l'egida, il monte Ida è avvolto dalle nuvole, il tuono rotola e gli uomini sono colpiti dalla paura. ""Zeus che porta l'egida"", come è nell'Iliade, a volte presta la temibile egida ad Atena. Nell'Iliade, quando Zeus manda Apollo a rianimare Ettore ferito, Apollo, tenendo l'egida, carica gli Achei, spingendoli indietro verso le loro navi tirate sulla riva. L'Egida è uno scudo d'oro ornato di lapislazzuli blu; brilla di una luce dorata brillante ed è decorato con la Titanomachia all'esterno e la storia degli dei all'interno. Al centro è incastonata una maschera di bronzo di Medusa."
Elmo degli Eroi,"Oggetto meraviglioso, raro (richiede sintonia)","Mentre indossi questo elmo, ottieni un bonus di +1 alla CA se non indossi un'armatura. Puoi comunque usare uno scudo e ottenere questo vantaggio. Inoltre, pur non indossando nessun'altra armatura, l'elmo diventa soffuso di gloria e bagliori per un minuto ogni volta che metti a segno un colpo critico con un attacco con un'arma. Mentre sei sotto questo effetto, guadagni punti ferita temporanei all'inizio di ogni tuo turno pari alla metà del tuo livello del personaggio e le creature amiche entro 3 metri da te non possono essere spaventate."
Fiasca del Viaggiatore,"Oggetto meraviglioso, Comune",Questa fiasca di ferro a doppia faccia regola la temperatura dei liquidi che vi si versano. Qualsiasi liquido versato dal lato blu tappato diventa fresco e rinfrescante. Qualsiasi liquido versato dal lato con il tappo rosso diventa piacevolmente caldo.
Fiasca di Alcol Perpetuo,"Oggetto meraviglioso, non comune","Questa dettagliata fiaschetta di platino è incantata per contenere una fonte magica di alcol piuttosto forte. Quando viene aperta e versata, questa fiaschetta produce fino a 1 gallone di whiskey scuro e salmastro. Una volta svuotata, la fiasca si riempie in 1 ora."
Folgore,"Arma (lancia), artefatto (richiesto dal campione di Zeus)","Questo è il fulmine di Zeus, forgiato dai ciclopi per Zeus per uccidere Crono. Da quando la pace è giunta sull'Olimpo, Zeus ha pensato bene di infondere ai fulmini delle sue statue un grande potere, qualora emerga un campione che lui ritenga degno. Zeus cerca un campione che protegga i deboli mentre sfida i forti. Effettuando con successo una prova di Religione a CD 24 otterrai una visione di Zeus. Se ti riterrà degno e supererai la sua sfida, potrai brandire la Folgore. La sfida consiste nello sconfiggere una creatura di GS 22 o 23. Se fai parte di un gruppo, possono assisterti nella lotta contro la creatura. Dopo aver sconfitto la creatura, ti verrà concessa una lancia a forma di saetta lunga un metro e mezzo con rune dorate che corrono da punta a punta."
Freccia Stand,"Arma (Freccia), Raro","Un'antica freccia ornata forgiata da un metallo sconosciuto. Secondo le leggende, molto tempo fa, un uomo desiderò il potere degli dei. Il giorno dopo si svegliò e scoprì che una grande meteora si era schiantata nelle vicinanze. Dopo essere entrato in contatto con essa, fu in grado di manifestare un potere, il primo Stand! Forgiando 12 frecce dalla meteora, ne sentì il potere, diventando il capo di un clan incredibilmente potente. Nel corso dei secoli, si sono persi. La storia divenne storia, la storia divenne mito e il mito divenne leggenda. Tuttavia, se venissero riportati alla luce, una nuova era dell'uomo avrebbe inizio..."
Fulmine di Zeus,"Arma (giavellotto), leggendaria (richiede sintonia)","Il giavellotto era l'arma che l'Arimaspos fece per Zeus, nella guerra contro i Titani. Questo giavellotto è il più potente artefatto degli dei. Grande e pesante, può essere maneggiato correttamente solo da coloro che sono benedetti da Zeus."
Furia di Apollo,"Arma (qualsiasi arco), leggendario (richiede sintonia)",L'Ira di Apollo è una benedizione applicata a qualsiasi arco posseduto da un avventuriero ritenuto degno dal Dio. Quest'arma ha un bonus di +2 ai tiri di attacco e di danno effettuati con quest'arma magica.
Gemma Prismatica del Danno,"Oggetto meraviglioso, non comune (richiede sintonia)","Questa gemma trasparente grande quanto una mela permette all'utilizzatore di cambiare la tipologia del danno di qualsiasi incantesimo nocivo che egli sia in grado di lanciare. Ogni volta che infliggi danni da acido, freddo, fulmine, fuoco o veleno con un incantesimo, puoi cambiare il tipo di danno dell'incantesimo con un altro di quelli sopra elencati."
Giara Alchemica Variante,"Oggetto meraviglioso, non comune","Questa giara di ceramica sembra poter contenere 4 litri di liquido e pesa 6 kg, piena o vuota che sia. Quando viene agitata, dal suo interno si sente l’acqua sciabordare, anche se la giara è vuota. Un personaggio può usare un’azione per nominare un tipo di liquido presente nella tabella sottostante per far sì che la giara produca il liquido in questione. Fatto questo, con un’altra azione può stappare la giara e versare il liquido in essa contenuto, al ritmo di 8 litri al minuto. La quantità massima di liquido che la giara è in grado di fornire dipende dal tipo di liquido richiesto. Quando la giara comincia a produrre un liquido, non può produrne altri, né una quantità maggiore di uno che ha raggiunto il suo massimo, prima dell’alba successiva."
Giudizio del Mago,"Arma (spadone), rara (richiede sintonia)","Una volta utilizzata durante l'Era di Arcanum per giustiziare gli utilizzatori di magia condannati per gravi crimini, questa enorme lama è stata a lungo ritenuta persa nelle sabbie del tempo."
Guanti del Contenimento Magico,"Oggetto meraviglioso, comune",Questi guanti permettono a che li indossa di infliggere danni non letali ai bersagli colpiti dagli incantesimi dell'incantatore
Guanti di Alante,Arma (Guanti) Raro (Richiede l'aiuto di una creatura con un punteggio di forza di almeno 16),1d10 +danni contundenti + 1d6 danni da forza + mod di For
Guanto dell'Infinito,"Oggetto meraviglioso, leggendario (richiede sintonia)","Un potente artefatto, creato per imbrigliare il potere stesso dell'universo. Pochi sono stati abbastanza fortunati da indossarlo, e ancora meno sono stati abbastanza potenti da raccogliere tutte le gemme che lo alimentano. Spesso il guanto è indossato dai cattivi che cercano il potere di queste pietre per portare il caos nell'universo."
Guanto dei Sette Peccati Capitali,"Arma magica (Guanto), Unico",Un guanto di grande potere che garantisce abilità basate sui Sette Peccati Capitali
Gungnir,"Arma (lancia), Artefatto (richiede sintonia)",Ottieni un bonus di +3 ai tiri per attaccare e infliggere danni con quest'arma magica.
Keyblade,"Arma (qualsiasi spada o mazza), molto rara (richiede sintonizzazione)","Un keyblade è un'arma magica che assomiglia a una grande chiave. Alcuni keyblade possiedono un bordo affilato come una spada, mentre altri sono invece usati per colpire creature come una mazza o una mazza. Si dice che un keyblade possa essere utilizzato per aprire qualsiasi porta e sbloccare qualsiasi serratura."
Heosphorus,La Scimitarra di Apollo il Portatore di Luce,Questo artefatto unico del popolo Na'ir gli è stato donato dopo aver comunicato con Apollo. La sua elsa è stata forgiata con il metallo del carro di Apollo e contiene l'essenza del sole.
L'Occhio di Lucifero,"Oggetto meraviglioso, artefatto (richiede sintonia)","Quando Asmodeus lo depose, Lucifero, l'ex re dei Nove Inferni, fu strappato. Il suo occhio sinistro, contenente la sua malvagità e malizia, fu portato a riva a Faerun quando il suo sangue ribollì e tinse di rosso anche i cieli dell'Inferno per diversi giorni. Il suo occhio rimane nel mondo, passando di mano in mano da malvagio a peggio. Cerca di corrompere tutti coloro che lo guardano e li porta alla follia a commettere il male."
Mantello del Cangiante,"Oggetto meraviglioso, raro","Il cappuccio di questo mantello è l'unica parte normalmente visibile. Come un giro completo, chi lo indossa può attivarlo facendo sì che il cappuccio si chiuda e il mantello scenda fino ad avvolgere il corpo. Quando il cappuccio viene sollevato, il mantello vola via rivelando una trasformazione sorprendente. Gli effetti di alterare se stessi (solo l'effetto ""cambiare aspetto"") e di travestirsi si applicano contemporaneamente, l'effetto non richiede concentrazione e ha una durata di 1 ora. Per discernere che sei travestito, una creatura può usare la sua azione per ispezionare il tuo aspetto e deve riuscire in una prova di Intelligenza (Investigazione) contro la tua CD di salvataggio dell'incantesimo, a meno che tu non abbia alterato drasticamente il tuo equipaggiamento la creatura che ti ispeziona ha svantaggio, nessuna prova è consentita se hai fatto solo piccole modifiche a te stesso. Il DM prende la decisione finale su cosa costituisca un cambiamento drastico o minore."
Maschera del Necromante,"Oggetto meraviglioso (maschera), leggendario (richiede la sintonizzazione da parte di un incantatore che può lanciare un incantesimo di negromanzia di 1° livello o superiore)","L'origine di questa antica maschera si è persa da tempo nella storia. Tuttavia, sin dalla sua creazione, la maschera ha lasciato un segno nella storia attraverso il suo utilizzo da parte di innumerevoli negromanti diversi per far sorgere non morti che attaccano i vivi e per prevenire la loro stessa morte. Molte contraffazioni e sosia sono stati creati nel corso dei secoli, ma si dice che i segni rivelatori della maschera del negromante sono le sensazioni di presagio che gli altri hanno guardando la maschera di legno scuro con le sue striature di nero, rosso e verde. Mentre sei in sintonia con questa maschera, ottieni i seguenti effetti:"
Katana Colpo Perfetto,"Arma (spada lunga), molto rara","Questa katana sembra essere di ottima fattura ma banale a prima vista. Inclinando la lama ad angoli specifici, tuttavia, si rivela un reticolo cremisi di incantesimi runici pronti a scatenare un potenziale mortale con il colpo perfetto."
Katana del Vento,"Arma (spada lunga), molto rara (richiede sintonia)","Si dice che questa katana sia stata il primo dono della dea della brezza a un eroe capace di batterla in battaglia. Essa esibiva il suo potere divino nella sua forma agile e attraverso il suo sottile comando sui venti che soffiano attraverso il mondo. Mentre sembra un'arma di eleganza e grazia, molti eserciti sono caduti per un singolo colpo di questa terrificante lama."
Katana dell'Invisibile,"Arma (Katana), Artefatto (richiede sintonizzazione)","Questa lama può essere usata da chiunque. La lama quando viene vista è fatta di adamantio nero come la pece. Questo oggetto è estremamente raro e può essere ottenuto solo da qualcuno che lo dona, o uccidendo un goblin con un mantello o un anello dell'invisibilità. Quando si ottiene questa spada, non è possibile vederla fino a quando non ci si sintonizza con essa. Una volta fatto, sentirete l'adrenalina scorrere nelle vostre vene. Quando sarai in sintonia, otterrai la vista cieca. Questo oggetto non può essere visto da nessun altro oltre a chi lo possiede."
Katana d'Ombra,"Arma (spada lunga, pesante/accurata) +3 , Raro","In alcune culture questa forte spada a un solo taglio è un simbolo di onore e prestigio. La katana è concepita per l'uso a due mani, ma è abbastanza leggera da poter essere impugnata con una sola mano."
Katana Fantasma,"Arma (katana), artefatto (richiede sintonia)",Una spada leggermente trasparente che sembra avere una lucentezza nera e blu quando esposta alla luce. Hai un bonus di +4 ai tiri di attacco con quest'arma magica.
Katana Ferma Tempo,"Arma, Artefatto (Richiede la sintonia da parte di un nano o di un seguace di Morodin)",Artigianato impeccabile. Quest'arma è il lavoro di una vita di un re nanico da tempo dimenticato e del suo arcimago. Il re e l'arcimago si recarono nel dominio di Morodin. Morodin rimase impressionato dalla maestria della lama e la benedisse. Quest'arma ha le proprietà di un spadone +3.
"Katana Onikiri, Squarta Demoni","Arma (qualsiasi spada), rara (richiede sintonia)","Fortunatamente, questa volta, i samurai erano preparati. Mentre i samurai minori tagliavano i subalterni demoniaci, con radiosi archi di energia che sbocciavano dai loro onikiri per abbattere le orde di miserabili puzzolenti, il loro sensei incrociava tranquillamente lo sguardo con l'enorme demone bulboso. Un cerchio si liberò mentre sia i samurai che i demoni facevano inconsciamente spazio per l'imminente duello. Se il sensei fosse riuscito a mantenere l'attenzione del demone abbastanza a lungo, la giornata sarebbe stata loro."
"Katana Shisui, Taglio d'Acqua","Arma (qualsiasi spada), rara (richiede sintonia)","Maestri del movimento e manipolatori di slancio, i ronin del fiume erano protettori dei corsi d'acqua. La leggenda dice che questi samurai potevano controllare l'acqua con il loro ki, formando scudi, fruste e vortici. Queste lame, note come shisui, davano ai ronin la capacità di evocare l'acqua da brandire anche nei deserti più aridi o sulle cime delle montagne più remote."
Kageyumi,"Arma (arco lungo), Leggendario (richiede sintonia)","Un arco lungo nero forgiato dai drow e benedetto da Zehir. È stato progettato per essere l'arma definitiva per l'assassinio, e nemmeno la sua corda emette un suono quando viene rilasciata."
Kervanos,"Il fulmine di Zeus, l'onnipotente padre della tempesta","Questo fulmine è stato dato ai più ferventi adoratori di Zeus ed è protetto da loro tanto quanto li protegge. Viene tirato fuori solo per il rituale o quando viene eletto un nuovo Gran Sacerdote. I suoi poteri sono ingombranti per tutti, tranne che per i più ferventi credenti."
Maschera dei Molti Volti,"Oggetto meraviglioso, molto raro (richiede sintonia)","Mutaforma. Questa maschera ha 3 cariche. Puoi spendere 1 carica mentre la indossi per lanciare travestirsi. La maschera recupera 1d3 cariche consumate ogni giorno al crepuscolo. Non ottieni nessuno dei benefici della razza in cui ti trasformi. Per vedere oltre l'illusione, qualcuno deve effettuare una prova di Intelligenza a DC 16."
Morning Star del Bahemoth,"Arma marziale (frusta), arma da mischia, leggendaria (richiede sintonia)","Questa è un'arma +3 che infligge 1d6 danni da randellate con un raggio d'azione di 10 piedi, inoltre infligge 1d8 danni radianti aggiuntivi."
Muramasa,"Arma (spada lunga), leggendaria (richiede sintonia)","Acclamata come una grande lama demoniaca, Muramasa è stata creata dal leggendario spadaccino che ha dato il suo nome alla lama."
Opados,Scudo del Prometeo Apostata,"Questo scudo fu dato al Regno degli Althei come penitenza per aver scatenato il fuoco nel mondo. Poiché il suo padrone era il creatore del fuoco, l'elemento si inchina davanti alla sua presenza e si spegne. Solo quelli di stirpe reale possono sollevarlo, per gli altri sarebbe impossibile."
Opale dell'individuazione dell'Allineamento,"Oggetto Meraviglioso, Non Comune","Questo minerale di color bianco lattiginoso, tendente al grigio perla, quando viene posto davanti all'occhio del suo possessore permette di identificare l'allineamento di chi si osserva, il quale viene identificato da un'aura di colore diverso in base all'allineamento che possiede"
Pergamene della Telescrittura,"Oggetto Meraviglioso, Non Comune","Queste pergamene vengono vendute in coppia; quando un individuo scrive su una di queste pergamene il contenuto viene proiettato nella pergamena gemella, e colui che possiede quest'ultima può rispondere al messaggio e continuare la conversazione."
Scure di Sangue,"Oggetto Meraviglioso, Raro","La Scure di sangue è un'ascia bipenne +2 che infligge 1d12 danni taglienti e 1d6 danni necrotici aggiuntivi contro le creature viventi (rendendo naturalmente immuni i non morti e i costrutti) e restituisce 10 PF a chi la impugna, per ogni uccisione."
Senbon Scampanato,"Arma (Senbon), Comune (richiede sintonizzazione)","Per gli shinobi, combattere è incredibilmente impegnativo dal punto di vista mentale. Per questo motivo, alcuni shinobi si allenano con senbon che hanno piccoli campanelli attaccati alla schiena per distrarre gli avversari."
Spada Shamisen,"Arma (spada lunga), leggendaria (richiede la sintonizzazione da parte di un bardo)","Quest'arma può agire come un liuto a tutti gli effetti. Tuttavia, questo strumento ha una spada nascosta che può essere staccata o attaccata al manico dello strumento come azione bonus. Quest'arma magica ha un bonus di +1 ai tiri per l'attacco e ai tiri per i danni. Puoi usare un'azione per suonare lo strumento e lanciare alcuni incantesimi. Una volta che lo strumento è stato usato per lanciare un certo incantesimo, non può essere usato di nuovo per lanciare quell'incantesimo fino all'alba successiva. Questi incantesimi utilizzano la tua capacità di lanciare incantesimi e la tua CD di salvataggio. Gli incantesimi sono i seguenti: benedire, bocca magica, protezione dal male e dal bene, suggestione, assassino fantasma e folata di vento."
Stivali del Vigile,"Oggetto meraviglioso, non comune","Mentre indossi questi stivali, puoi percepire un pericolo imminente. Dopo aver effettuato un tiro di iniziativa, puoi scegliere di tirare 1d8 e aggiungerlo al tuo tiro di iniziativa."
Tempesta Infernale di Shiva,"Arma (katana), leggendaria (richiede sintonia)",Questa katana è stata realizzata con gli artigli e le zanne di un potente spirito che si pensava fosse solo un mito. La leggenda dice che un pezzo dell'anima di Shiva è stato infuso nella spada dandole il potere della neve e del ghiaccio.
"Toccata dalla luna, stocco +1","Arma (stocco), non comune",Hai un bonus di +1 ai tiri per l'attacco e ai tiri per i danni effettuati con quest'arma magica.
Utensili artigianali +1/+2/+3,"Oggetto meraviglioso, la rarità varia ‎","‎Quando fai un tiro abilità usando questi strumenti magici, ottieni un bonus al tiro. Se gli strumenti all'interno di un set sono separati, non offrono alcun vantaggio fino al completamento del set. Se uno degli strumenti di un set viene distrutto, tutte le attrezzature all'interno del set diventano non magiche. ‎"
Protesi del Berserker,"Oggetto meraviglioso, raro (richiede sintonia)","A causa della loro natura spericolata, non è raro che i berserker perdano un arto. Questo può essere debilitante, specialmente in mondi senza magia. Alcuni abili artigiani hanno trovato il modo di forgiare braccia sostitutive con dita magnetiche, permettendo ai guerrieri feriti di continuare a combattere."
Armatura del Berserker,"Armatura (di piastre), Leggendaria (richiede sintonia)","Una minacciosa armatura nera che un tempo apparteneva a una stirpe di spadaccini maledetti, anche se non per nascita. L'Armatura del Berserker è un'armatura intimidatoria con un incantesimo pericoloso che solo le volontà più forti possono gestire. Quando il suo portatore la attiva per la prima volta, il suo metallo incantato si piega per creare un'immagine della sua oscurità interiore."
Bricco Sempre Pieno,"Oggetto meraviglioso, non comune","Questo grande boccale di ceramica è decorato con glifi nani e sormontata da un coperchio di metallo in ottone che può essere aperto da una leva con il pollice. Quando il coperchio è chiuso e il è vuoto, il proprietario deve solo nominare una birra, una birra o un idromele non magico birra o idromele non magico che ha già bevuto in precedenza e il boccale si riempie con quella birra."
Moneta della Vita Facile,"Oggetto meraviglioso, non comune (richiede sintonia)","Questa moneta d'oro appare del tutto normale ai sensi ma, quando viene lanciata, esce sempre testa . Mentre sei in sintonia con questo oggetto, puoi evocarla sul tuo palmo a volontà."
Bottiglia dell'Identificazione dei Liquidi,"Oggetto meraviglioso, raro","Questo oggetto magico è una bottiglia di vetro con un'etichetta vuota. Quando una pozione o un altro liquido viene versato nella bottiglia, il contenuto e gli effetti del liquido appariranno, scritti in comune, sull'etichetta. Questa scritta svanisce quando la bottiglia viene svuotata del suo contenuto. Se questa bottiglia viene rotta, perde la capacità di identificare liquidi ma funziona invece come un'arma improvvisata con un bonus di +2 ai tiri salvezza e ai tiri per danni."
Scudo Torre,Costo Classe Armatura (AC) Forza Furtività Peso,"200 mo +5 CA, speciale 15 - svantaggio - 7kg (legno) 20,5kg (ferro)"
Scudo Muro,Costo Classe Armatura (CA) Forza Stealth Peso,300 gp +3 Str 17 Svantaggio 68kg
Mazzo di Carte Adattatore,"Oggetto meraviglioso, non comune","Quando giochi una partita a carte con questo mazzo, esso si modifica per corrispondere al mazzo usato tipicamente in quel gioco, guadagnando, perdendo e cambiando l'aspetto delle carte come richiesto."
Mazzo Magico,"Arma (Mazzo di carte), molto rara (richiede la sintonizzazione da parte di un incantatore)","Questo oggetto può essere utilizzato come un mazzo di carte, un'arma da lancio e un fuoco per incantesimi."
Mazzo Automescolante,"Oggetto meraviglioso, comune","Qualsiasi mazzo di carte può diventare un mazzo che si mescola da solo. Quando tutte le carte sono impilate insieme, una creatura entro 1,5 metri dal mazzo può comandare di mischiarle. Se non c'è nulla appoggiato sopra le carte, queste si animeranno e si riorganizzeranno in un ordine casuale."
Mazzo dell'Abbondanza,"Oggetto meraviglioso, leggendario","Un mazzo di 54 carte con incredibili proprietà magiche per ogni carta, tuttavia ci sono un gran numero di carte dannose che possono causarti grandi sofferenze, così come carte che potrebbero esaudire i tuoi più grandi desideri. Pesca a tuo rischio e pericolo."
Trovavia,"Oggetto meraviglioso, artefatto (richiede sintonizzazione)","Il Wayfinder è un'antica bussola di cristallo e bronzo creata da Evira l'Incantatrice per un umile avventuriero. Wayfinder punta sempre nella direzione in cui il suo possessore desidera andare. Se non c'è una direzione specifica in mente, indica il nord."
Mappa del Cartografo,"Pergamena, artefatto","""La Mappa del Cartografo assomiglia a una normale mappa a rotoli, leggermente più grande di una mappa standard. I bordi sono sfrangiati, e appare consumata dalle intemperie, eppure la pergamena rimane indistruttibile""."
Occhiali Scanner di Abilità,"Oggetto meraviglioso, Artefatto (richiede sintonia)","Mentre indossi questo occhiale con una lunga lente di cristallo, puoi imparare abilità e talenti di altre creature."
Falce del Mietitore,"Arma (falce), Leggendario (Richiede sintonia)",La Falce del Tristo Mietitore sembra essere un antico attrezzo agricolo. Il manico è annerito dal tempo e la lama è di acciaio non lucidato. Si dice che succhi l'anima delle sue vittime e che una volta sia stata impugnata dalla stessa Mietitrice.
Verga Cromatica (Homebrew),Prezzo (livello dell'oggetto): 12.308 gp (13°),Slot corpo: - (tenuto)
Catena dell'Obbedienza,Prezzo (livello dell'oggetto): 35.600 mo (15°),Slot corpo: - (tenuto)
Arco della Luna d'Inverno (Homebrew),Prezzo (livello dell'oggetto): 3.400 mo (8°),Slot corpo: - (tenuto)
Maschera della Volpe,"Oggetto meraviglioso, molto raro (richiede sintonia)",Una mezza maschera di una volpe ingannatrice. Puoi sentire un'intensa passione bruciare al suo interno.
Mantello del Djinn,"Oggetto meraviglioso, non comune (richiede sintonia)","Questo mantello fluttuante, morbido come una nuvola, svolazza dolcemente da solo anche senza vento. Ha 3 cariche e recupera 1 carica ogni volta che finisci il tuo turno senza utilizzare alcun movimento o spendere alcuna carica del mantello. Mentre indossi il mantello, puoi usare un'azione per spendere 1 o più delle sue cariche per girare su te stesso ed emettere un potente colpo rotante. Ogni creatura entro un raggio di 1,5 metri da te deve riuscire in un tiro salvezza di Forza CD 15 o essere spinta a 1,5 metri da te e subire 3d8 danni da fulmine."
Mazzo dell'Avidità (Homebrew),"Oggetto meraviglioso, leggendario","Questo mazzo si trova sempre in una scatola d'avorio intagliato e contiene 22 carte. Quando apri la scatola, senti un messaggio lasciato dal creatore del mazzo che informa te e chiunque si trovi entro 15 piedi dalla scatola sulle regole per usare il mazzo. Non puoi pescare più di 3 carte, e per ogni carta che peschi devi fare un sacrificio - Uno dei seguenti deve essere messo nella scatola prima di ogni pescata;"
Mazzo Zezzet,"Arma (Mazzo di Tarocchi), artefatto (maggiore)","A un esame più attento, questa scatola d'argento decorata con un segno blu lapislazzuli ""ZEZZET"", contiene un mazzo di 20 carte dei Tarocchi. Ogni carta è imbevuta di un elemento diverso e agisce di concerto con chi la impugna, abbattendo senza sforzo i nemici come un nastro di carta affilato come un rasoio. Il mazzo Zezzet è stato creato dalla maga Yzma Zezzer, che ha cercato di controllare i suoi poteri attraverso un complesso rituale, che è continuato per un'intera settimana, utilizzando questo mazzo come catalizzatore portatile. Secondo la leggenda, è svanita quando il mazzo è stato imbevuto del suo Wild Magic Surge, lasciando il mazzo incustodito. ""Non puoi controllare sempre la magia"" Yzma Zezzet intanto prepara il rituale."
Tomo della Mente,"Oggetto meraviglioso, molto raro",Un grande libro rilegato in pelle che è ben consumato e odora vagamente di incenso
Tomo del Corpo,"Oggetto meraviglioso, molto raro","Un grande libro rilegato in pelle, ben consumato e che puzza vagamente di sudore."
Tomo della Conoscenza dei Mostri,"Articolo meraviglioso, molto raro","A prima vista, questo libro sembra essere ricoperto di pelle piuttosto vecchia con 2 cinghie di pelle più recenti che tengono il libro chiuso. Dopo ulteriori indagini, la rilegatura in pelle di questo libro è in realtà pelle umana. Il libro contiene 100 pagine. Ogni pagina è uno spazio extradimensionale all'interno della copertina del libro. Le prime due pagine contengono gli strumenti necessari per raccogliere campioni dalle creature che devono essere registrate nel libro. Gli strumenti che sono contenuti all'interno includono: un coltello stretto e affilato per scuoiare, una piccola accetta, una sezione cava di osso di drago che è stata affilata per raccogliere campioni di liquido, un utensile per scrivere, e occhiali che migliorano la visione di chi li indossa fino ad una distanza di 3 piedi. Ogni serie di pagine aggiuntive è suddivisa in 4 sezioni."
Tomo delle Rune,"Oggetto meraviglioso, raro (richiede la sintonizzazione da parte di qualcuno con almeno il 3° livello di incantesimi)","Un libro pesante, rilegato in pelle spessa e con pagine scritte in una lingua sconosciuta. All'interno del libro si trovano un migliaio di forme rituali e cerchi diversi, che ti permettono di crearli con facilità."
Tomo dell'Alterazione,"Oggetto meraviglioso, leggendario (richiede la sintonizzazione da parte di un incantatore)",Questo antico libro conserva i segreti per ottenere un grande potere arcano.
Tomo della Vasta Conoscenza,"Oggetto meraviglioso, molto raro",Un grande libro fatto di uno strano materiale che sembra chiamarti chiedendoti di condividere il tuo sapere in cambio della sua conoscenza.
Tomo della Distesa Infinita,"Oggetto meraviglioso, artefatto (richiede la sintonizzazione da parte di un incantatore)","Il Tomo della Distesa Infinita è una delle cinque opere leggendarie scritte da un antico mago elfico conosciuto come Xaturos l'Illuminatore. Per cinquecento anni, Xaturos ha perlustrato i quattro Piani Elementari e il Piano Astrale alla ricerca della conoscenza perduta prima di stabilirsi presumibilmente nel Piano Astrale, anche se abbondano innumerevoli racconti contrastanti su dove si trovasse il mago, mescolati ai racconti della sua morte."
Tomo della Gola Lacerante,"Oggetto meraviglioso, artefatto (richiede la sintonizzazione da parte di un incantatore)","Il Tomo della Gola Lacerante è una delle cinque opere leggendarie scritte da un antico mago elfico conosciuto come Xaturos l'Illuminatore. Per cinquecento anni, Xaturos ha perlustrato i quattro Piani Elementari e il Piano Astrale alla ricerca della conoscenza perduta prima di stabilirsi presumibilmente nel Piano Astrale, anche se abbondano innumerevoli racconti contrastanti su dove si trovasse il mago, mescolati ai racconti della sua morte."
Tomo della Fiamma Ardente,"Oggetto meraviglioso, artefatto (richiede la sintonizzazione da parte di un incantatore)","Il Tomo della Fiamma Ardente è una delle cinque opere leggendarie scritte da un antico mago elfico conosciuto come Xaturos l'Illuminatore. Per cinquecento anni, Xaturos ha perlustrato i quattro Piani Elementari e il Piano Astrale alla ricerca della conoscenza perduta prima di stabilirsi presumibilmente nel Piano Astrale, anche se abbondano innumerevoli racconti contrastanti su dove si trovasse il mago, mescolati ai racconti della sua morte."
Tomo dell'Oceano Ruggente,"Oggetto meraviglioso, artefatto (richiede la sintonizzazione da parte di un incantatore)","Il Tomo dell'Oceano Ruggente è una delle cinque opere leggendarie scritte da un antico mago elfico conosciuto come Xaturos l'Illuminatore. Per cinquecento anni, Xaturos ha perlustrato i quattro Piani Elementari e il Piano Astrale alla ricerca della conoscenza perduta prima di stabilirsi presumibilmente nel Piano Astrale, anche se abbondano innumerevoli racconti contrastanti su dove si trovasse il mago, mescolati ai racconti della sua morte."
Tomo della Luna e delle Stelle,"Oggetto meraviglioso (libro di incantesimi), artefatto","Creato dalla grande dea Ioun, questo libro espande le conoscenze magiche di chi lo legge. Per leggere questo tomo è necessario avere almeno uno slot per incantesimi di 5° livello o gli slot per incantesimi del patto magico devono essere di 5° livello. Per ottenere i benefici della lettura di questo tomo, si devono passare 12 ore nell'arco di sette giorni a studiarne il contenuto. Al termine di questo processo, il lettore ha accesso alla lista completa degli incantesimi di una classe a sua scelta, e gli incantesimi di questa lista estesa sono trattati come incantesimi della tua classe primaria. Inoltre, il punteggio di Intelligenza, Saggezza o Carisma del lettore aumenta di 4 fino a un massimo di 30. Infine, se il lettore ha una lista di incantesimi conosciuti, impara 6 incantesimi aggiuntivi o se prepara incantesimi dalla lista degli incantesimi della sua classe, può preparare 6 incantesimi aggiuntivi. Quando il libro viene letto, viene magicamente restituito a Ioun perché lo rilasci di nuovo a sua discrezione. Se una creatura ha già letto il Tomo della Luna e delle Stelle e per caso lo incontra di nuovo, non si aprirà per lei, poiché Ioun disapprova il possesso egoistico della conoscenza."
Libro delle Anime,"Wondrous Item, artifact (Richiede la sintonizzazione da parte di un mago, un chierico o un paladino).",Le storie di un potente negromante crearono un libro che poteva intrappolare le anime in modo da poter eseguire esperimenti sui non morti. Si dice che eseguisse orrendi esperimenti che erano un destino peggiore della dannazione. Alcuni dicono che alla fine raggiunse l'immortalità e che sia ancora in libertà centinaia di anni dopo.
Libro dei Segreti,"Wondrous Item, artifact (Requires attunement by a spellcaster)","Millenia algo, un gruppo di maghi si sentì frustrato per la loro mancanza di conoscenza. Così chiamarono l'Arcimago Aranil, e insieme crearono il Libro dei Segreti, un libro che poteva mostrare a chi lo possedeva i segreti del Multiverso. Attualmente, Aranil lo possiede ancora, e le proprietà dannose del libro vengono soppresse mentre è sintonizzato con Aranil."
Libro della Scienza Divina,"Oggetto meraviglioso (Rottura), artefatto","Sembra essere solo un semplice libro verde pesantemente rilegato senza alcun tipo di scritta sulla copertina, solo un simbolo, inscritto in lamina d'oro, che raffigura una spirale deformata circondata dai punti di una rosa dei venti non segnata. Il testo sulle pagine del libro è scritto in caratteri comuni, le parole non corrispondono a nessuna lingua conosciuta, ma hanno la consistenza di una lingua o di un cifrario. Ogni creatura con livelli di classe che legge questo libro fino in fondo per 1d4 ore deve effettuare un tiro salvezza a scelta del GM tra Intelligenza, Saggezza o Carisma, contro il proprio punteggio di abilità. Se la prova riesce, la creatura ottiene l'accesso al bonus di livellamento in tandem, se la prova fallisce, il lettore soffre della maledizione dell'ossessione."
Tomo della Terra Implacabile,"Oggetto meraviglioso, artefatto (richiede la sintonizzazione da parte di un incantatore)","Il Tomo della Terra implacabile è una delle cinque opere leggendarie scritte da un antico mago elfico conosciuto come Xaturos l'Illuminatore. Per cinquecento anni, Xaturos ha perlustrato i quattro Piani Elementari e il Piano Astrale alla ricerca della conoscenza perduta prima di stabilirsi presumibilmente nel Piano Astrale, anche se abbondano innumerevoli racconti contrastanti su dove si trovasse il mago, mescolati ai racconti della sua morte."
Tomo della Gilda d'Avanguardia,"Wondrous Item, artifact (Not Required, Can only be used be a member of the ancient elven Guild)","Un elaborato Tomo Verde e Oro di antica fattura elfica, uno dei motivi principali per cui la gilda era così potente, in quanto permetteva ai suoi membri di essere tutti uguali sul campo di battaglia, nessun membro più debole significa nessun punto debole sul campo di battaglia che il nemico possa sfruttare."
Vero Spirito della Lancia Chastifol,"Arma (lancia), Leggendaria (richiede sintonia)",Hai un bonus di +3 ai tiri per i danni in attacco e alla CA quando sei in sintonia con quest'arma.
La Bisaccia del Grifone,"Oggetto meraviglioso, artefatto","Queste borse in pelle hanno la faccia stilizzata di un grifone sul davanti e appaiono nel multiverso in luoghi strani. Uno può essere trovato nel ventre di un drago, mentre un altro nei rami di un grande albero. Indipendentemente da dove viene trovata, la bisaccia di un grifone viene in genere scoperta da un avventuriero con un destino."
Tè Strano,"Oggetto meraviglioso, comune","Questo minuscolo frammento senziente di un elementale dell'acqua incantato ha un desiderio infinito di creare il tè. Quando viene data una foglia o un altro potenziale ingrediente per il tè, la sua forma acquosa gorgoglia felicemente quando inizia a inzupparla, riscaldando magicamente l'acqua che circonda l'ingrediente alla sua temperatura ideale per la preparazione. Raccoglie solo i materiali che sceglie e può controllare se è bagnato o meno al tatto. Lo strano tè può abitare fino a 1 litro d'acqua o fino a 1 oncia. Qualsiasi acqua controllata dal tè strano è magica per tutta la durata."
Tè della Vedova,"Oggetto meraviglioso, raro","Questo set da tè in ceramica scura è composto da una teiera e due tazze da tè abbinate. Lo spirito maligno di una megera vive nella teiera e corrompe la prima tazza di tè che versa in una delle tazze da tè abbinate. La prima creatura che beve questa tazza di tè deve effettuare un tiro salvezza di Costituzione a DC 15, poiché lo spirito della megera la assale dall'interno. Con un tiro salvezza fallito, la creatura subisce 4d6 danni da veleno e rimane paralizzata per 1 minuto. Con un tiro salvezza riuscito, la creatura prende la metà dei danni e non è paralizzata. Alla fine di ogni suo turno, una creatura paralizzata può effettuare un altro tiro salvezza di Costituzione di DC 15. Con un successo, non è più paralizzata."
Pergamena dell'Eclisse,"Pergamena, leggendaria","Quando usi un'azione per leggere questa pergamena, qualsiasi luce solare o lunare entro un raggio di 3 miglia da te (naturale o creata da un effetto magico) viene magicamente soppressa. Per la durata, tutto nell'area è nell'oscurità a meno che non sia illuminato da un'altra fonte, come una torcia o l'incantesimo ""luce"". L'effetto dura 8 ore e può essere terminato anticipatamente solo con un incantesimo ""desiderio"". Devi essere all'aperto quando usi la pergamena, altrimenti non succede nulla e la pergamena va sprecata. Guardare il cielo durante questo periodo non mostra alcun segno del sole o della luna, e se normalmente riesci a vedere le stelle, non si vedono da nessuna parte per tutta la durata."
Pergamena Pellicola,"A differenza delle normali pergamene, una ""pergamena di pellicola"" ha molteplici usi. Ogni utilizzo richiede di estrarre una parte perforata della pergamena dalla sua custodia in pelle. Quando viene trovata, la pergamena ha 1d6 + 4 lunghezze.","Il cartiglio è parzialmente trasparente al centro con bordi dorati. Tenendo tesa una parte della pergamena davanti a te, puoi usare un'azione per pronunciare la sua parola di comando per far sì che la parte trasparente della pergamena diventi opaca. Quando lo fa, registra l'immagine bidimensionale di ciò che è stato visto in quel momento attraverso il centro del rotolo sul tuo lato della carta ora opaca. L'immagine registrata può essere in bianco e nero oa colori (a scelta)."
Tuta Meccanica,"Una tuta da mech è una tuta alta 12 piedi di armatura robotica. È alimentato da una fonte di energia a fusione miniaturizzata, che fornisce energia per un massimo di 25 anni di funzionamento.","Armatura potenziata. Il peso della tuta da mech non contribuisce al tuo ingombro. Inoltre, mentre indossi l'armatura, il tuo punteggio di Forza passa a 25 se non è già superiore. Inoltre, la tua velocità di camminata cambia a 18 metri se non è già superiore e guadagni una velocità di salto di 18 metri."
Yamato,"Arma (spada lunga), leggendaria (richiede sintonia)","Yamato è una grande katana con una lama forgiata di colore scuro, più lunga della lama giapponese, con una guardia dorata. Lo Tsuka (""manico"") ha il tradizionale rivestimento in oro, con ornamenti neri, e la Tsuba (""guardia"") è ottagonale. La lama presenta diversi ornamenti intricati, il più notevole è un rilievo di un drago all'estremità dell'elsa. Il fodero è nero, fatto di legno laccato tradizionale, e presenta diversi ornamenti metallici sulla sua estremità. Presenta anche un sageo dorato, la corda usata per legare la katana alla vita. Precedentemente usata dal Grande Campione Demoniaco Sparda, la lama è stata usata per sigillare il mondo Demoniaco dal mondo Umano."
